<?xml version="1.0" encoding="UTF-8"?>
<Configuration status="WARN">
    <Appenders>
        <Console name="Console" target="SYSTEM_OUT">
            <PatternLayout pattern="%d{yyyy-MM-dd HH:mm:ss} %-5p %c{1}:%L - %m%n"/>
        </Console>
        <File name="File" fileName="logs/application.log">
            <PatternLayout>
                <Pattern>%d{yyyy-MM-dd HH:mm:ss} %-5p %c{1}:%L - %m%n</Pattern>
            </PatternLayout>
        </File>
    </Appenders>
    <Loggers>
        <Root level="info">
            <AppenderRef ref="Console"/>
            <AppenderRef ref="File"/>
        </Root>
    </Loggers>
</Configuration>
